Engen Die Wilgers,2024-09-11 23:34:25.447273+02:00,Wednesday,"(18, 224, 149)"
MBT,2024-09-11 23:34:45.398699+02:00,Wednesday,"(19, 223, 150)"
Engen Magato Fuel,2024-09-11 23:35:03.214048+02:00,Wednesday,"(139, 165, 192)"
Engen Magalieskruin Motors,2024-09-11 23:35:23.397883+02:00,Wednesday,"(169, 185, 201)"
Engen Midrand,2024-09-11 23:35:41.445445+02:00,Wednesday,"(21, 223, 150)"
Engen Die Wilgers,2024-09-11 23:42:57.457792+02:00,Wednesday,"(18, 224, 149)"
MBT,2024-09-11 23:43:21.924415+02:00,Wednesday,"(19, 223, 150)"
Engen Magato Fuel,2024-09-11 23:43:45.578880+02:00,Wednesday,"(139, 165, 192)"
Engen Magalieskruin Motors,2024-09-11 23:44:08.490096+02:00,Wednesday,"(169, 185, 201)"
Engen Midrand,2024-09-11 23:44:31.350304+02:00,Wednesday,"(169, 185, 201)"
